{
  "individuals": [
    {
      "id": "P12345",
      "given_name": "John",
      "family_name": "Doe",
      "birth_date": "1985-07-15",
      "sex": "Male",
      "communication": {
        "phone": "+1234567890",
        "email_address": "john.doe@example.com",
        "residence": {
          "street_address": "123 Main St",
          "city_name": "New York",
          "state_code": "NY",
          "postal_code": "10001"
        }
      },
      "health_conditions": [
        {
          "condition_name": "Hypertension",
          "diagnosis_on": "2018-04-20",
          "current_status": "Ongoing",
          "treatment_plan": "Medication"
        },
        {
          "condition_name": "Diabetes",
          "diagnosis_on": "2020-06-10",
          "current_status": "Ongoing",
          "treatment_plan": "Insulin"
        }
      ],
      "insurance_info": {
        "provider": "HealthCo Insurance",
        "policy_id": "HCI987654321",
        "coverage_level": "Comprehensive",
        "coverage_start": "2021-01-01",
        "coverage_end": "2023-12-31",
        "plan_category": "Family",
        "primary_beneficiary": {
          "beneficiary_name": "Jane Doe",
          "relation_to_patient": "Spouse"
        },
        "secondary_beneficiary": {
          "beneficiary_name": "Anna Doe",
          "relation_to_patient": "Daughter"
        }
      },
      "claims_history": [
        {
          "claim_number": "C123456",
          "claim_filed_on": "2023-01-15",
          "status_of_claim": "Approved",
          "total_claim_amount": 2500,
          "amount_covered": 2000,
          "care_provider": "City Health Clinic",
          "claim_category": "Hospitalization",
          "services_rendered": [
            {
              "service_description": "Room Charges",
              "service_cost": 1000
            },
            {
              "service_description": "Doctor Consultation",
              "service_cost": 500
            },
            {
              "service_description": "Blood Test",
              "service_cost": 300
            }
          ],
          "payment_info": {
            "payment_date": "2023-02-01",
            "payment_made": 2000,
            "payment_method_used": "Bank Transfer",
            "transaction_reference": "TX1234567890"
          }
        },
        {
          "claim_number": "C789101",
          "claim_filed_on": "2023-06-25",
          "status_of_claim": "Pending",
          "total_claim_amount": 1500,
          "care_provider": "Sunshine Hospital",
          "claim_category": "Surgery",
          "services_rendered": [
            {
              "service_description": "Surgical Procedure",
              "service_cost": 1200
            },
            {
              "service_description": "Post-surgery Medication",
              "service_cost": 300
            }
          ]
        }
      ]
    },
    {
      "id": "P67890",
      "given_name": "Sarah",
      "family_name": "Smith",
      "birth_date": "1990-03-22",
      "sex": "Female",
      "communication": {
        "phone": "+0987654321",
        "email_address": "sarah.smith@example.com",
        "residence": {
          "street_address": "456 Oak Ave",
          "city_name": "Los Angeles",
          "state_code": "CA",
          "postal_code": "90001"
        }
      },
      "health_conditions": [
        {
          "condition_name": "Asthma",
          "diagnosis_on": "2015-09-18",
          "current_status": "Controlled",
          "treatment_plan": "Inhaler"
        }
      ],
      "insurance_info": {
        "provider": "MediCare Plus",
        "policy_id": "MCP567890123",
        "coverage_level": "Basic",
        "coverage_start": "2020-06-01",
        "coverage_end": "2022-05-31",
        "plan_category": "Individual",
        "primary_beneficiary": {
          "beneficiary_name": "Sarah Smith",
          "relation_to_patient": "Self"
        }
      },
      "claims_history": [
        {
          "claim_number": "C112233",
          "claim_filed_on": "2022-08-12",
          "status_of_claim": "Denied",
          "total_claim_amount": 800,
          "reason_for_denial": "Non-covered service",
          "care_provider": "MedCare Clinic",
          "claim_category": "Outpatient Consultation",
          "services_rendered": [
            {
              "service_description": "Consultation with Specialist",
              "service_cost": 500
            },
            {
              "service_description": "Medication Prescription",
              "service_cost": 300
            }
          ]
        }
      ]
    }
  ]
}
