{
  "patients": [
    {
      "patient_id": "P12345",
      "first_name": "",
      "last_name": "Doe",
      "dob": "1985-07-15",
      "gender": "Male",
      "contact_info": {
        "phone_number": "+1234567890",
        "email": "",
        "address": {
          "street": "123 Main St",
          "city": "New York",
          "state": "NY",
          "zip_code": "10001"
        }
      },
      "medical_history": [
        {
          "patient_id": "P12345",
          "condition": "",
          "diagnosis_date": "2018-04-20",
          "status": "",
          "treatment": "M"
        },
        {
          "condition": "Diabetes",
          "diagnosis_date": "2020-06-10",
          "status": "Ongoing",
          "treatment": "I"
        }
      ],
      "insurance_details": {
        "patient_id": "P12345",
        "insurance_provider": "HealthCo Insurance",
        "policy_number": "HCI987654321",
        "coverage_type": "Comprehensive",
        "coverage_start_date": "2021-01-01",
        "coverage_end_date": "2023-12-31",
        "plan_type": "Family",
        "primary_beneficiary": {
          "name": "Jane Doe",
          "relationship": "Spouse"
        },
        "secondary_beneficiary": {
          "name": "",
          "relationship": ""
        }
      },
      "claims": [
        {
          "claim_id": "C123456",
          "claim_date": "2023-01-15",
          "claim_status": "Approved",
          "claim_amount": 2500,
          "approved_amount": 2000,
          "service_provider": "City Health Clinic",
          "claim_type": "Hospitalization",
          "services": [
            {
              "service_name": "Room Charges",
              "cost": 1000
            },
            {
              "service_name": "Doctor Consultation",
              "cost": ""
            },
            {
              "service_name": "Blood Test",
              "cost": 300
            }
          ],
          "payment_details": {
            "payment_date": "2023-02-01",
            "payment_amount": 2000,
            "payment_method": "",
            "transaction_id": ""
          }
        },
        {
          "claim_id": "C789101",
          "claim_date": "2023-06-25",
          "claim_status": "Pending",
          "claim_amount": 1500,
          "service_provider": "Sunshine Hospital",
          "claim_type": "Surgery",
          "services": [
            {
              "service_name": "Surgical Procedure",
              "cost": 1200
            },
            {
              "service_name": "Post-surgery Medication",
              "cost": 300
            }
          ]
        }
      ]
    }
  ]
}
