{
  "individuals" : [ {
    "id" : "P12345",
    "given_name" : "Value is not Present in OldJSON",
    "family_name" : "Doe",
    "birth_date" : "1985-07-15",
    "sex" : "Male",
    "communication" : {
      "phone" : "+1234567890",
      "email_address" : "Value is not Present in OldJSON",
      "residence" : {
        "street_address" : "123 Main St",
        "city_name" : "New York",
        "state_code" : "NY",
        "postal_code" : "10001"
      }
    },
    "health_conditions" : [ {
      "condition_name" : "Value is not Present in OldJSON",
      "diagnosis_on" : "2018-04-20",
      "current_status" : "Ongoing",
      "treatment_plan" : "Value is not Present in OldJSON"
    }, {
      "condition_name" : "Diabetes",
      "diagnosis_on" : "2020-06-10",
      "current_status" : "Ongoing",
      "treatment_plan" : "Value is not Present in OldJSON"
    } ],
    "insurance_info" : {
      "provider" : "HealthCo Insurance",
      "policy_id" : "HCI987654321",
      "coverage_level" : "Comprehensive",
      "coverage_start" : "2021-01-01",
      "coverage_end" : "2023-12-31",
      "plan_category" : "Family",
      "primary_beneficiary" : {
        "beneficiary_name" : "Jane Doe",
        "relation_to_patient" : "Spouse"
      },
      "secondary_beneficiary" : {
        "beneficiary_name" : "Value is not Present in OldJSON",
        "relation_to_patient" : "Value is not Present in OldJSON"
      }
    },
    "claims_history" : [ {
      "claim_number" : "C123456",
      "claim_filed_on" : "2023-01-15",
      "status_of_claim" : "Approved",
      "total_claim_amount" : 2500,
      "amount_covered" : 2000,
      "care_provider" : "City Health Clinic",
      "claim_category" : "Hospitalization",
      "services_rendered" : [ {
        "service_description" : "Room Charges",
        "service_cost" : 1000
      }, {
        "service_description" : "Doctor Consultation",
        "service_cost" : "Value is not Present in OldJSON"
      }, {
        "service_description" : "Blood Test",
        "service_cost" : 300
      } ],
      "payment_info" : {
        "payment_date" : "2023-02-01",
        "payment_made" : 2000,
        "payment_method_used" : "Value is not Present in OldJSON",
        "transaction_reference" : "Value is not Present in OldJSON"
      }
    }, {
      "claim_number" : "C789101",
      "claim_filed_on" : "2023-06-25",
      "status_of_claim" : "Pending",
      "total_claim_amount" : 1500,
      "care_provider" : "Sunshine Hospital",
      "claim_category" : "Surgery",
      "services_rendered" : [ {
        "service_description" : "Surgical Procedure",
        "service_cost" : 1200
      }, {
        "service_description" : "Post-surgery Medication",
        "service_cost" : 300
      } ]
    } ]
  }, {
    "id" : "Value is not Present in OldJSON",
    "given_name" : "Value is not Present in OldJSON",
    "family_name" : "Value is not Present in OldJSON",
    "birth_date" : "Value is not Present in OldJSON",
    "sex" : "Value is not Present in OldJSON",
    "communication" : {
      "phone" : "Value is not Present in OldJSON",
      "email_address" : "Value is not Present in OldJSON",
      "residence" : {
        "street_address" : "Value is not Present in OldJSON",
        "city_name" : "Value is not Present in OldJSON",
        "state_code" : "Value is not Present in OldJSON",
        "postal_code" : "Value is not Present in OldJSON"
      }
    },
    "health_conditions" : [ {
      "condition_name" : "Value is not Present in OldJSON",
      "diagnosis_on" : "Value is not Present in OldJSON",
      "current_status" : "Value is not Present in OldJSON",
      "treatment_plan" : "Value is not Present in OldJSON"
    } ],
    "insurance_info" : {
      "provider" : "Value is not Present in OldJSON",
      "policy_id" : "Value is not Present in OldJSON",
      "coverage_level" : "Value is not Present in OldJSON",
      "coverage_start" : "Value is not Present in OldJSON",
      "coverage_end" : "Value is not Present in OldJSON",
      "plan_category" : "Value is not Present in OldJSON",
      "primary_beneficiary" : {
        "beneficiary_name" : "Value is not Present in OldJSON",
        "relation_to_patient" : "Value is not Present in OldJSON"
      }
    },
    "claims_history" : [ {
      "claim_number" : "Value is not Present in OldJSON",
      "claim_filed_on" : "Value is not Present in OldJSON",
      "status_of_claim" : "Value is not Present in OldJSON",
      "total_claim_amount" : "Value is not Present in OldJSON",
      "reason_for_denial" : "Value is not Present in OldJSON",
      "care_provider" : "Value is not Present in OldJSON",
      "claim_category" : "Value is not Present in OldJSON",
      "services_rendered" : [ {
        "service_description" : "Value is not Present in OldJSON",
        "service_cost" : "Value is not Present in OldJSON"
      }, {
        "service_description" : "Value is not Present in OldJSON",
        "service_cost" : 300
      } ]
    } ]
  } ]
}